{
    "index" : {
        "index.store.type": "niofs",
        "analysis" : {
            "analyzer": {
                "jdonrefv4_index_token_count" : {
                    "type" : "custom",
                    "tokenizer" : "whitespace",
                    "filter" : ["delimited_payload_filter", "lowercase", "french_elision", "french_stop", /*"french_keywords",*/ "french_stemmer","jdonrefv4_tokenCount","jdonrefv4_synonyme", "jdonrefv4_nGram", "jdonrefv4_integertypeaspayload"]
                },
                "jdonrefv4_index" : {
                    "type" : "custom",
                    "tokenizer" : "whitespace",
                    "filter" : ["delimited_payload_filter", "lowercase", "french_elision", "french_stop", /*"french_keywords",*/ "french_stemmer","jdonrefv4_synonyme", "jdonrefv4_nGram"]
                },
                "jdonrefv4_codes_index" : {
                    "type" : "custom",
                    "tokenizer" : "standard",
                    "filter" : ["standard", "lowercase"]
                },
                "jdonrefv4_search" : {
                    "type" : "custom",
                    "tokenizer" : "standard",
                    "filter" : ["lowercase", "french_elision", "french_stop"/*,/"french_keywords"*/, "french_stemmer"]
                },
                "jdonrefv4_search_unsplit" : {
                    "type" : "custom",
                    "tokenizer" : "standard",
                    "filter" : ["lowercase", "french_elision", "french_stop"/*,/"french_keywords"*/, "french_stemmer"]
                }
            },
            "filter" : {
                "delimited_payload_filter" : {
                  "type": "delimited_payload_filter",
                  "delimiter" : "|",
                  "encoding" : "int"
                },
                "french_elision": {
                  "type":         "elision",
                  "articles": [ "l", "m", "qu", "n", "s",
                                  "j", "jusqu", "quoiqu",
                                  "lorsqu", "puisqu"
                              ]
                },
                "french_stop": {
                  "type":       "stop",
                  "stopwords":  "_french_" 
                },
  //                "french_keywords": {
//                  "type":       "keyword_marker",
//                  "keywords":   [] 
//                },
                "french_stemmer": {
                  "type":       "stemmer",
                  "language":   "light_french"
                },
//                "jdonrefv4_metaphone" : {
//                    "type" : "phonetic",
//                    "encoder" : "metaphone",
//                    "replace" : true
//                },
                "jdonrefv4_synonyme" : {
                    "type" : "payloadsynonym",
                    "synonyms_path": "/usr/share/elasticsearch/plugins/jdonrefv4-0.3/jdonrefv4_synonym.fr_FR.txt"
                },
                "jdonrefv4_nGram" : {
                    "type" : "payloadedgengram",
                    "min_gram": 1,
                    "max_gram": 15,
                    "with_payloads": true,
                    "keep_numbers" : true,
                    "keep_under_min" : true
                },
                "jdonrefv4_integertypeaspayload" : {
                    "type":"integertypeaspayload",
                    "factor": 1000000
                },
                "jdonrefv4_tokenCount": {
                    "type" : "tokencountpayloads",
                    "factor": 1000
                }
            },
            "similarity": {
                "jdonrefv4" : {
                    "type": "org.apache.lucene.search.similarities.JDONREFv4TermSimilarity"
                }
            }
        }
    }
}