{
     "commune": {
        "_type": {"store": true},
        "_source": {"excludes": ["geometrie"]},
        "properties" : {     
                          "code_insee" : { "type" : "string", "index":"not_analyzed", "copy_to": ["codes"]},
                          "code_departement" : { "type" : "string", "index":"not_analyzed", "copy_to": ["codes"]},
                          "code_insee_commune" : { "type" : "string", "index":"not_analyzed", "copy_to": ["codes"]},
                          "code_pays" : { "type" : "string" , "term_vector" : "with_positions_offsets", "index_analyzer":"jdonrefv4_codes_index","search_analyzer":"jdonrefv4_search", "similarity":"jdonrefv4"},
                          "commune" : { "type" : "string" , "term_vector" : "with_positions_offsets", "index_analyzer":"jdonrefv4_index","search_analyzer":"jdonrefv4_search", "similarity":"jdonrefv4"},
                          "code_arrondissement" : { "type" : "string", "index":"not_analyzed", "copy_to": ["codes"]},
                          "code_postal" : { "type" : "string", "index":"not_analyzed", "copy_to": ["codes"]},
                          "codes" : { "type" : "string", "term_vector" : "with_positions_offsets", "index_analyzer":"jdonrefv4_codes_index","search_analyzer":"jdonrefv4_search", "similarity":"jdonrefv4"},
                          "pays" : { "type" : "string" , "index": "no"},
                          "t0" : { "type" : "date", "format": "YYYY-MM-dd HH:mm:ss", "index":"not_analyzed"},
                          "t1" : { "type" : "date", "format": "YYYY-MM-dd HH:mm:ss", "index":"not_analyzed"},
                          "ligne5" : { "type" : "string", "index":"no"},
                          "ligne6" : { "type" : "string", "index": "no"},
                          "ligne7" : { "type" : "string", "term_vector" : "with_positions_offsets", "index_analyzer":"jdonrefv4_index","search_analyzer":"jdonrefv4_search", "similarity":"jdonrefv4"},
                          "pin" : { "properties" : { "centroide" : { "type" : "geo_point" , "fielddata" : { "format" : "compressed" , "precision" : "1cm"}}}},
                          "geometrie" : { "type" : "geo_shape", "precision": "1cm", "tree": "quadtree"},
                          "fullName" : {"type": "string", "term_vector" : "with_positions_offsets_payloads", "index_analyzer":"jdonrefv4_index_token_count","search_analyzer":"jdonrefv4_search", "similarity":"jdonrefv4"}
                        },
       "transform" : {
           "lang" : "groovy",
           "script" : "ctx._source['fullName'] = ''; if (ctx._source['ligne7']!=null) { def tokens = ctx._source['ligne7'].split(' '); for(x in tokens) ctx._source['fullName'] += ' ' + x + '|9'; }; if (ctx._source['code_pays']!=null) { def tokens = ctx._source['code_pays'].split(' '); for(x in tokens) ctx._source['fullName'] += ' ' + x + '|10'; }; if (ctx._source['code_departement']!=null) { def tokens = ctx._source['code_departement'].split(' '); for(x in tokens) ctx._source['fullName'] += ' ' + x + '|3'; }; if ( ctx._source['code_insee']!=null) { def tokens = ctx._source['code_insee'].split(' '); for(x in tokens) ctx._source['fullName'] += ' ' + x + '|3'; }; if (ctx._source['code_insee_commune']!=null) { def tokens = ctx._source['code_insee_commune'].split(' '); for(x in tokens) ctx._source['fullName'] += ' ' + x + '|3'; }; if (ctx._source['commune']!=null) { def tokens = ctx._source['commune'].split(' '); for(x in tokens) ctx._source['fullName'] += ' ' + x + '|5'; }; if (ctx._source['code_arrondissement']!=null) { def tokens = ctx._source['code_arrondissement'].split(' '); for(x in tokens) ctx._source['fullName'] += ' ' + x + '|3'; }; if (ctx._source['code_postal']!=null) { def tokens = ctx._source['code_postal'].split(' '); for(x in tokens) ctx._source['fullName'] += ' ' + x + '|3'; };"
       }
    }
  }